mean_reversion_level,action_threshold,threshold_re,threshold_de,enabled,E[Wealth],Std,Sharpe,Trades,Broke%,Min,Median,Max
50.0,0.5,0.0,0.0,True,685.7381703237068,457.48923858656985,1.2803321278842903,618.93,5.0,-415.4177946955306,647.5897637658417,1828.5302698879823
50.0,0.5,0.0,0.2,True,685.7381703237068,457.48923858656985,1.2803321278842903,618.93,5.0,-415.4177946955306,647.5897637658417,1828.5302698879823
50.0,0.5,0.0,0.4,True,727.8843630749659,451.89565508836813,1.3894454527388258,616.13,5.0,-388.3801924252439,717.8531937015829,1914.9241522287884
50.0,0.5,0.0,0.6,True,793.1816562914439,450.7419400827847,1.5378681117717423,577.94,6.0,-359.52117187934346,805.4284704542314,1964.9331571695302
50.0,0.5,0.0,0.8,True,795.1240524869459,415.43073664188597,1.6732610064097497,500.01,3.0,-318.55129297536587,806.2090606130405,1982.240386691913
50.0,0.5,0.0,1.0,True,709.7368052252901,352.82004756045825,1.7281807239731959,395.87,3.0,-323.90744701301264,696.2612102881766,1712.5037082965628
50.0,0.5,0.0,1.2,True,566.8269270633301,268.9317472630336,1.7358565205272751,282.34,3.0,-168.1333189732627,548.433822338633,1211.8933104489734
50.0,0.5,0.0,1.4,True,398.7856758113854,186.77768003063568,1.5996861924956873,167.91,3.0,-44.16427809409333,371.56672933672405,930.7475516007116
50.0,0.5,0.0,1.6,True,240.57051681523825,111.4884204661702,1.260853066421303,72.91,0.0,10.118426577419086,220.22475622801173,629.9647796231425
50.0,0.5,0.0,1.8,True,128.02480123206058,41.50767369569539,0.6751715703828262,13.4,0.0,69.97983943687882,116.28267290769277,314.42814566526556
50.0,0.5,0.0,2.0,True,100.0,0.0,,0.0,0.0,100.0,100.0,100.0
50.0,0.5,0.3,0.0,True,685.7381703237068,457.48923858656985,1.2803321278842903,618.93,5.0,-415.4177946955306,647.5897637658417,1828.5302698879823
50.0,0.5,0.3,0.2,True,685.7381703237068,457.48923858656985,1.2803321278842903,618.93,5.0,-415.4177946955306,647.5897637658417,1828.5302698879823
50.0,0.5,0.3,0.4,True,727.8843630749659,451.89565508836813,1.3894454527388258,616.13,5.0,-388.3801924252439,717.8531937015829,1914.9241522287884
50.0,0.5,0.3,0.6,True,793.1816562914439,450.7419400827847,1.5378681117717423,577.94,6.0,-359.52117187934346,805.4284704542314,1964.9331571695302
50.0,0.5,0.3,0.8,True,795.1240524869459,415.43073664188597,1.6732610064097497,500.01,3.0,-318.55129297536587,806.2090606130405,1982.240386691913
50.0,0.5,0.3,1.0,True,709.7368052252901,352.82004756045825,1.7281807239731959,395.87,3.0,-323.90744701301264,696.2612102881766,1712.5037082965628
50.0,0.5,0.3,1.2,True,566.8269270633301,268.9317472630336,1.7358565205272751,282.34,3.0,-168.1333189732627,548.433822338633,1211.8933104489734
50.0,0.5,0.3,1.4,True,398.7856758113854,186.77768003063568,1.5996861924956873,167.91,3.0,-44.16427809409333,371.56672933672405,930.7475516007116
50.0,0.5,0.3,1.6,True,240.57051681523825,111.4884204661702,1.260853066421303,72.91,0.0,10.118426577419086,220.22475622801173,629.9647796231425
50.0,0.5,0.3,1.8,True,128.02480123206058,41.50767369569539,0.6751715703828262,13.4,0.0,69.97983943687882,116.28267290769277,314.42814566526556
50.0,0.5,0.3,2.0,True,100.0,0.0,,0.0,0.0,100.0,100.0,100.0
50.0,0.5,0.6,0.0,True,685.3831899642064,457.2956966735187,1.2800977446812372,618.81,5.0,-415.4177946955306,647.5897637658417,1828.5302698879823
50.0,0.5,0.6,0.2,True,685.3831899642064,457.2956966735187,1.2800977446812372,618.81,5.0,-415.4177946955306,647.5897637658417,1828.5302698879823
50.0,0.5,0.6,0.4,True,727.4654965430824,451.7546662437242,1.3889518878916487,616.02,5.0,-388.3801924252439,717.8531937015829,1914.9241522287884
50.0,0.5,0.6,0.6,True,792.672476655362,450.5220369637143,1.5374885573269987,577.82,6.0,-359.52117187934346,803.7597528581719,1964.9331571695302
50.0,0.5,0.6,0.8,True,794.6840734444174,415.1887998402596,1.6731763325785554,499.9,3.0,-318.55129297536587,806.2090606130405,1982.240386691913
50.0,0.5,0.6,1.0,True,709.4399605207199,352.7068188462327,1.7278938992852686,395.76,3.0,-323.90744701301264,696.2612102881766,1712.5037082965628
50.0,0.5,0.6,1.2,True,566.5850184234221,268.9141332561148,1.735070644200931,282.24,3.0,-168.1333189732627,548.433822338633,1211.8933104489734
50.0,0.5,0.6,1.4,True,398.69159400248975,186.7011338911723,1.5998381358336926,167.85,3.0,-44.16427809409333,371.56672933672405,930.7475516007116
50.0,0.5,0.6,1.6,True,240.60322851359885,111.29924820711311,1.263290011195358,72.89,0.0,10.118426577419086,220.22475622801173,629.9647796231425
50.0,0.5,0.6,1.8,True,128.02480123206058,41.50767369569539,0.6751715703828262,13.4,0.0,69.97983943687882,116.28267290769277,314.42814566526556
50.0,0.5,0.6,2.0,True,100.0,0.0,,0.0,0.0,100.0,100.0,100.0
50.0,0.5,0.9,0.0,True,295.4242632934758,201.15905467151558,0.9714912590566482,168.29,7.000000000000001,-185.1530450257069,295.95018856568447,842.5460595365203
50.0,0.5,0.9,0.2,True,295.4242632934758,201.15905467151558,0.9714912590566482,168.29,7.000000000000001,-185.1530450257069,295.95018856568447,842.5460595365203
50.0,0.5,0.9,0.4,True,300.93134483112306,197.8331596912581,1.0156605957499747,166.22,7.000000000000001,-187.6751917987458,305.556939779082,845.3063272348281
50.0,0.5,0.9,0.6,True,310.0503142918415,185.35972707891062,1.1332036230416962,154.28,4.0,-161.78402736221005,294.405964790309,829.1053595796257
50.0,0.5,0.9,0.8,True,302.41192892941245,167.26307878095315,1.2101411166446963,131.57,3.0,-175.25384218130557,295.1444853674567,717.4195804861615
50.0,0.5,0.9,1.0,True,274.3756959218472,147.5240490666722,1.1820153868135737,104.26,2.0,-131.94543940440462,265.9204790226022,628.2746604712592
50.0,0.5,0.9,1.2,True,234.63368992535226,120.28337677476817,1.1193042092379497,73.84,3.0,-66.63110035084628,229.20964064533658,495.2393048401209
50.0,0.5,0.9,1.4,True,185.61213429979162,80.8479243822065,1.058928042420266,43.58,1.0,-52.534949898069954,172.43475706276075,381.0945851868314
50.0,0.5,0.9,1.6,True,138.1473245224217,42.250245242580576,0.9028900140909983,18.23,0.0,73.48406474119594,125.7910917293285,269.44521992119184
50.0,0.5,0.9,1.8,True,105.69114024816275,13.614147135468018,0.41803134574151984,3.35,0.0,78.533980953922,100.62151418313931,182.7266429600993
50.0,0.5,0.9,2.0,True,100.0,0.0,,0.0,0.0,100.0,100.0,100.0
50.0,0.5,1.2,0.0,True,100.0,0.0,,0.0,0.0,100.0,100.0,100.0
50.0,0.5,1.2,0.2,True,100.0,0.0,,0.0,0.0,100.0,100.0,100.0
50.0,0.5,1.2,0.4,True,100.0,0.0,,0.0,0.0,100.0,100.0,100.0
50.0,0.5,1.2,0.6,True,100.0,0.0,,0.0,0.0,100.0,100.0,100.0
50.0,0.5,1.2,0.8,True,100.0,0.0,,0.0,0.0,100.0,100.0,100.0
50.0,0.5,1.2,1.0,True,100.0,0.0,,0.0,0.0,100.0,100.0,100.0
50.0,0.5,1.2,1.2,True,100.0,0.0,,0.0,0.0,100.0,100.0,100.0
50.0,0.5,1.2,1.4,True,100.0,0.0,,0.0,0.0,100.0,100.0,100.0
50.0,0.5,1.2,1.6,True,100.0,0.0,,0.0,0.0,100.0,100.0,100.0
50.0,0.5,1.2,1.8,True,100.0,0.0,,0.0,0.0,100.0,100.0,100.0
50.0,0.5,1.2,2.0,True,100.0,0.0,,0.0,0.0,100.0,100.0,100.0
50.0,0.5,1.5,0.0,True,100.0,0.0,,0.0,0.0,100.0,100.0,100.0
50.0,0.5,1.5,0.2,True,100.0,0.0,,0.0,0.0,100.0,100.0,100.0
50.0,0.5,1.5,0.4,True,100.0,0.0,,0.0,0.0,100.0,100.0,100.0
50.0,0.5,1.5,0.6,True,100.0,0.0,,0.0,0.0,100.0,100.0,100.0
50.0,0.5,1.5,0.8,True,100.0,0.0,,0.0,0.0,100.0,100.0,100.0
50.0,0.5,1.5,1.0,True,100.0,0.0,,0.0,0.0,100.0,100.0,100.0
50.0,0.5,1.5,1.2,True,100.0,0.0,,0.0,0.0,100.0,100.0,100.0
50.0,0.5,1.5,1.4,True,100.0,0.0,,0.0,0.0,100.0,100.0,100.0
50.0,0.5,1.5,1.6,True,100.0,0.0,,0.0,0.0,100.0,100.0,100.0
50.0,0.5,1.5,1.8,True,100.0,0.0,,0.0,0.0,100.0,100.0,100.0
50.0,0.5,1.5,2.0,True,100.0,0.0,,0.0,0.0,100.0,100.0,100.0
50.0,1.0,0.0,0.0,True,822.3952859408388,472.9733860926388,1.527348699064744,553.88,5.0,-422.3282513487711,811.2008930867898,2107.86328308293
50.0,1.0,0.0,0.2,True,822.3952859408388,472.9733860926388,1.527348699064744,553.88,5.0,-422.3282513487711,811.2008930867898,2107.86328308293
50.0,1.0,0.0,0.4,True,851.4116790250962,474.9534450502552,1.5820743840390266,548.99,5.0,-393.7814527394048,825.8083236860223,2111.3163023511315
50.0,1.0,0.0,0.6,True,888.4432494474579,454.57883334938083,1.7344477824410163,512.06,5.0,-310.85336482832463,894.6450475283773,2035.2235351310728
50.0,1.0,0.0,0.8,True,862.3497525795476,407.54273308015644,1.8706007755746363,440.33,3.0,-240.08562409809292,845.530228292617,1983.4766270160071
50.0,1.0,0.0,1.0,True,753.4667338111271,341.7657076635532,1.9120313102168343,347.9,3.0,-253.86640741344672,720.8431256276051,1741.5282938892315
50.0,1.0,0.0,1.2,True,591.318917484696,264.2967444613135,1.8589669671720568,247.18,3.0,-97.01427539951237,552.2474041705145,1280.6930833392953
50.0,1.0,0.0,1.4,True,407.60165522847046,181.19491810502106,1.697628490056127,147.19,1.0,-2.480204162953669,394.2502637578176,931.8681717631098
50.0,1.0,0.0,1.6,True,243.7953670280467,109.15723055105096,1.317323335358862,64.11,0.0,35.749716738093866,225.06964798381642,632.9186109023153
50.0,1.0,0.0,1.8,True,128.8793599758931,40.93984671509967,0.7054095775410327,11.71,0.0,77.84708179368306,117.73833675324875,315.49418368418367
50.0,1.0,0.0,2.0,True,100.0,0.0,,0.0,0.0,100.0,100.0,100.0
50.0,1.0,0.3,0.0,True,822.3952859408388,472.9733860926388,1.527348699064744,553.88,5.0,-422.3282513487711,811.2008930867898,2107.86328308293
50.0,1.0,0.3,0.2,True,822.3952859408388,472.9733860926388,1.527348699064744,553.88,5.0,-422.3282513487711,811.2008930867898,2107.86328308293
50.0,1.0,0.3,0.4,True,851.4116790250962,474.9534450502552,1.5820743840390266,548.99,5.0,-393.7814527394048,825.8083236860223,2111.3163023511315
50.0,1.0,0.3,0.6,True,888.4432494474579,454.57883334938083,1.7344477824410163,512.06,5.0,-310.85336482832463,894.6450475283773,2035.2235351310728
50.0,1.0,0.3,0.8,True,862.3497525795476,407.54273308015644,1.8706007755746363,440.33,3.0,-240.08562409809292,845.530228292617,1983.4766270160071
50.0,1.0,0.3,1.0,True,753.4667338111271,341.7657076635532,1.9120313102168343,347.9,3.0,-253.86640741344672,720.8431256276051,1741.5282938892315
50.0,1.0,0.3,1.2,True,591.318917484696,264.2967444613135,1.8589669671720568,247.18,3.0,-97.01427539951237,552.2474041705145,1280.6930833392953
50.0,1.0,0.3,1.4,True,407.60165522847046,181.19491810502106,1.697628490056127,147.19,1.0,-2.480204162953669,394.2502637578176,931.8681717631098
50.0,1.0,0.3,1.6,True,243.7953670280467,109.15723055105096,1.317323335358862,64.11,0.0,35.749716738093866,225.06964798381642,632.9186109023153
50.0,1.0,0.3,1.8,True,128.8793599758931,40.93984671509967,0.7054095775410327,11.71,0.0,77.84708179368306,117.73833675324875,315.49418368418367
50.0,1.0,0.3,2.0,True,100.0,0.0,,0.0,0.0,100.0,100.0,100.0
50.0,1.0,0.6,0.0,True,822.0079559705493,472.71237193939544,1.527372666402552,553.78,5.0,-422.3282513487711,811.2008930867898,2107.86328308293
50.0,1.0,0.6,0.2,True,822.0079559705493,472.71237193939544,1.527372666402552,553.78,5.0,-422.3282513487711,811.2008930867898,2107.86328308293
50.0,1.0,0.6,0.4,True,850.9669155041743,474.68886487777223,1.5820192363213343,548.89,5.0,-393.7814527394048,825.8083236860223,2111.3163023511315
50.0,1.0,0.6,0.6,True,887.9723205486338,454.23368808714315,1.7347289318564678,511.95,5.0,-310.85336482832463,894.6450475283773,2035.2235351310728
50.0,1.0,0.6,0.8,True,861.8381562626669,407.28433140454786,1.8705314629595888,440.21,3.0,-240.08562409809292,845.530228292617,1983.4766270160071
50.0,1.0,0.6,1.0,True,753.3750610181706,341.57743425122584,1.91281681838977,347.83,3.0,-253.86640741344672,720.8431256276051,1741.5282938892315
50.0,1.0,0.6,1.2,True,590.954138748972,264.3424678238297,1.857265473802594,247.06,3.0,-97.01427539951237,552.2474041705145,1280.6930833392953
50.0,1.0,0.6,1.4,True,407.45697772425933,181.16946139001217,1.6970684538404737,147.12,1.0,-2.480204162953669,394.2502637578176,931.8681717631098
50.0,1.0,0.6,1.6,True,243.71133945775367,109.09084452507696,1.317354724710362,64.07,0.0,35.749716738093866,225.06964798381642,632.9186109023153
50.0,1.0,0.6,1.8,True,128.8793599758931,40.93984671509967,0.7054095775410327,11.71,0.0,77.84708179368306,117.73833675324875,315.49418368418367
50.0,1.0,0.6,2.0,True,100.0,0.0,,0.0,0.0,100.0,100.0,100.0
50.0,1.0,0.9,0.0,True,320.6872796146286,195.7822344398626,1.127207891185939,149.2,7.000000000000001,-161.87011025511083,326.30779524574604,846.2209219521865
50.0,1.0,0.9,0.2,True,320.6872796146286,195.7822344398626,1.127207891185939,149.2,7.000000000000001,-161.87011025511083,326.30779524574604,846.2209219521865
50.0,1.0,0.9,0.4,True,324.8801934825722,193.21967734653512,1.1638576182862301,147.22,6.0,-161.30585693286366,329.0624369721075,848.9811899201022
50.0,1.0,0.9,0.6,True,328.32790754480936,181.28533847312937,1.2594946147763229,136.75,4.0,-144.41790990312984,317.50043616419725,832.7802227785251
50.0,1.0,0.9,0.8,True,313.47647596065434,163.79721119680286,1.3032973785137385,116.06,2.0,-166.44730217165306,310.818465191835,719.233136430174
50.0,1.0,0.9,1.0,True,280.51327203751146,143.54377403848255,1.2575485996983595,91.84,2.0,-93.9450645915233,274.001843195887,630.4386325765767
50.0,1.0,0.9,1.2,True,237.11381977659465,118.57217400244868,1.1563743427168929,65.02,2.0,-65.13517821931373,234.87882181198185,496.3630446601867
50.0,1.0,0.9,1.4,True,185.9703732624227,78.53884467197192,1.0946223314270735,38.43,1.0,-31.56090173522125,173.78776994514936,368.18092709767484
50.0,1.0,0.9,1.6,True,137.72772361759374,41.19359529208723,0.9158638217927232,16.13,0.0,73.48406474119594,126.3547337925185,269.48398074968134
50.0,1.0,0.9,1.8,True,105.910122686821,13.049485252544155,0.4529008288406432,2.98,0.0,78.533980953922,100.62151418313931,181.90221564759244
50.0,1.0,0.9,2.0,True,100.0,0.0,,0.0,0.0,100.0,100.0,100.0
50.0,1.0,1.2,0.0,True,100.0,0.0,,0.0,0.0,100.0,100.0,100.0
50.0,1.0,1.2,0.2,True,100.0,0.0,,0.0,0.0,100.0,100.0,100.0
50.0,1.0,1.2,0.4,True,100.0,0.0,,0.0,0.0,100.0,100.0,100.0
50.0,1.0,1.2,0.6,True,100.0,0.0,,0.0,0.0,100.0,100.0,100.0
50.0,1.0,1.2,0.8,True,100.0,0.0,,0.0,0.0,100.0,100.0,100.0
50.0,1.0,1.2,1.0,True,100.0,0.0,,0.0,0.0,100.0,100.0,100.0
50.0,1.0,1.2,1.2,True,100.0,0.0,,0.0,0.0,100.0,100.0,100.0
50.0,1.0,1.2,1.4,True,100.0,0.0,,0.0,0.0,100.0,100.0,100.0
50.0,1.0,1.2,1.6,True,100.0,0.0,,0.0,0.0,100.0,100.0,100.0
50.0,1.0,1.2,1.8,True,100.0,0.0,,0.0,0.0,100.0,100.0,100.0
50.0,1.0,1.2,2.0,True,100.0,0.0,,0.0,0.0,100.0,100.0,100.0
50.0,1.0,1.5,0.0,True,100.0,0.0,,0.0,0.0,100.0,100.0,100.0
50.0,1.0,1.5,0.2,True,100.0,0.0,,0.0,0.0,100.0,100.0,100.0
50.0,1.0,1.5,0.4,True,100.0,0.0,,0.0,0.0,100.0,100.0,100.0
50.0,1.0,1.5,0.6,True,100.0,0.0,,0.0,0.0,100.0,100.0,100.0
50.0,1.0,1.5,0.8,True,100.0,0.0,,0.0,0.0,100.0,100.0,100.0
50.0,1.0,1.5,1.0,True,100.0,0.0,,0.0,0.0,100.0,100.0,100.0
50.0,1.0,1.5,1.2,True,100.0,0.0,,0.0,0.0,100.0,100.0,100.0
50.0,1.0,1.5,1.4,True,100.0,0.0,,0.0,0.0,100.0,100.0,100.0
50.0,1.0,1.5,1.6,True,100.0,0.0,,0.0,0.0,100.0,100.0,100.0
50.0,1.0,1.5,1.8,True,100.0,0.0,,0.0,0.0,100.0,100.0,100.0
50.0,1.0,1.5,2.0,True,100.0,0.0,,0.0,0.0,100.0,100.0,100.0
50.0,1.5,0.0,0.0,True,904.6975288270671,470.8516761040521,1.7090255162418482,484.06,4.0,-347.53598027256794,877.8842261147865,2155.3589307132643
50.0,1.5,0.0,0.2,True,904.6975288270671,470.8516761040521,1.7090255162418482,484.06,4.0,-347.53598027256794,877.8842261147865,2155.3589307132643
50.0,1.5,0.0,0.4,True,927.507535568873,469.5900282596688,1.762191455886893,478.83,4.0,-310.3595794634484,917.0842121405058,2117.9682437704732
50.0,1.5,0.0,0.6,True,946.983252339259,444.9700849607432,1.903461111130612,445.45,4.0,-146.46675865728685,925.7374048676124,2005.592602113838
50.0,1.5,0.0,0.8,True,895.5240800953354,397.84967059367744,1.9995594791073776,382.35,3.0,-129.44744676279242,868.8215968904344,1933.5913250189396
50.0,1.5,0.0,1.0,True,770.504215682453,333.3199609856094,2.011593346224474,301.6,2.0,-115.41131130449685,729.258045097092,1692.7743205528564
50.0,1.5,0.0,1.2,True,598.2140334438468,253.97984829283195,1.9616282031534227,213.16,2.0,-61.7089007665636,554.860603074479,1241.2521860682118
50.0,1.5,0.0,1.4,True,405.72479152781614,172.0731952895888,1.7767136305762194,126.12,0.0,28.209377137402043,396.9572109823399,890.4302972961377
50.0,1.5,0.0,1.6,True,241.1872215556707,104.58297637363317,1.3500019453573897,55.26,0.0,47.99510769512926,226.26138879399122,626.2974822195965
50.0,1.5,0.0,1.8,True,127.88755543195293,39.72002614101413,0.7021031489996121,10.03,0.0,66.96357635338615,116.69449894977153,320.0809982692929
50.0,1.5,0.0,2.0,True,100.0,0.0,,0.0,0.0,100.0,100.0,100.0
50.0,1.5,0.3,0.0,True,904.6975288270671,470.8516761040521,1.7090255162418482,484.06,4.0,-347.53598027256794,877.8842261147865,2155.3589307132643
50.0,1.5,0.3,0.2,True,904.6975288270671,470.8516761040521,1.7090255162418482,484.06,4.0,-347.53598027256794,877.8842261147865,2155.3589307132643
50.0,1.5,0.3,0.4,True,927.507535568873,469.5900282596688,1.762191455886893,478.83,4.0,-310.3595794634484,917.0842121405058,2117.9682437704732
50.0,1.5,0.3,0.6,True,946.983252339259,444.9700849607432,1.903461111130612,445.45,4.0,-146.46675865728685,925.7374048676124,2005.592602113838
50.0,1.5,0.3,0.8,True,895.5240800953354,397.84967059367744,1.9995594791073776,382.35,3.0,-129.44744676279242,868.8215968904344,1933.5913250189396
50.0,1.5,0.3,1.0,True,770.504215682453,333.3199609856094,2.011593346224474,301.6,2.0,-115.41131130449685,729.258045097092,1692.7743205528564
50.0,1.5,0.3,1.2,True,598.2140334438468,253.97984829283195,1.9616282031534227,213.16,2.0,-61.7089007665636,554.860603074479,1241.2521860682118
50.0,1.5,0.3,1.4,True,405.72479152781614,172.0731952895888,1.7767136305762194,126.12,0.0,28.209377137402043,396.9572109823399,890.4302972961377
50.0,1.5,0.3,1.6,True,241.1872215556707,104.58297637363317,1.3500019453573897,55.26,0.0,47.99510769512926,226.26138879399122,626.2974822195965
50.0,1.5,0.3,1.8,True,127.88755543195293,39.72002614101413,0.7021031489996121,10.03,0.0,66.96357635338615,116.69449894977153,320.0809982692929
50.0,1.5,0.3,2.0,True,100.0,0.0,,0.0,0.0,100.0,100.0,100.0
50.0,1.5,0.6,0.0,True,904.3979259909001,470.704922396783,1.7089218483099462,483.95,4.0,-347.53598027256794,877.8842261147865,2155.3589307132643
50.0,1.5,0.6,0.2,True,904.3979259909001,470.704922396783,1.7089218483099462,483.95,4.0,-347.53598027256794,877.8842261147865,2155.3589307132643
50.0,1.5,0.6,0.4,True,927.2518663787289,469.61138573064756,1.761566885972418,478.72,4.0,-310.3595794634484,917.0842121405058,2117.9682437704732
50.0,1.5,0.6,0.6,True,946.685737044919,445.03728092845915,1.90250519075283,445.31,4.0,-146.46675865728685,923.3261823895008,2005.592602113838
50.0,1.5,0.6,0.8,True,894.9531315751187,397.52844336855316,1.9997389994006256,382.21,3.0,-129.44744676279242,868.5420677916138,1933.5913250189396
50.0,1.5,0.6,1.0,True,770.2921621263007,333.20988984888413,2.011621451062838,301.51,2.0,-115.41131130449685,729.258045097092,1692.7743205528564
50.0,1.5,0.6,1.2,True,597.8889389282299,253.9904283078554,1.9602665432917465,213.05,2.0,-61.7089007665636,554.860603074479,1241.2521860682118
50.0,1.5,0.6,1.4,True,405.5200338539642,172.0251862293319,1.7760192013201275,126.04,0.0,28.209377137402043,396.9572109823399,890.4302972961377
50.0,1.5,0.6,1.6,True,241.02304443147673,104.60541008555653,1.3481429336793795,55.21,0.0,47.99510769512926,226.26138879399122,626.2974822195965
50.0,1.5,0.6,1.8,True,127.88755543195293,39.72002614101413,0.7021031489996121,10.03,0.0,66.96357635338615,116.69449894977153,320.0809982692929
50.0,1.5,0.6,2.0,True,100.0,0.0,,0.0,0.0,100.0,100.0,100.0
50.0,1.5,0.9,0.0,True,336.0686844940018,190.1609901089479,1.2414148893458758,129.49,4.0,-152.55588014524346,336.0413770222981,848.7071303280263
50.0,1.5,0.9,0.2,True,336.0686844940018,190.1609901089479,1.2414148893458758,129.49,4.0,-152.55588014524346,336.0413770222981,848.7071303280263
50.0,1.5,0.9,0.4,True,339.58077149753734,187.16197091583786,1.2800718560784494,127.78,3.0,-148.9456829752903,336.12496657394036,851.4673211253767
50.0,1.5,0.9,0.6,True,338.1498263002891,175.51939527042921,1.3568291181345677,118.2,3.0,-99.41427790262196,325.0440952879735,835.2662070669621
50.0,1.5,0.9,0.8,True,317.17497781495155,157.50502960933756,1.3788447159663053,100.36,3.0,-100.62374566667086,319.4730655025687,721.7188119852058
50.0,1.5,0.9,1.0,True,280.2228166844653,138.64987297338885,1.2998411958087803,79.23,2.0,-33.607123149426116,273.773662530421,648.8977484711077
50.0,1.5,0.9,1.2,True,234.39112907431448,111.95072107464826,1.2004489813397723,55.87,1.0,-7.472200377011177,232.47814747135723,494.8450358786645
50.0,1.5,0.9,1.4,True,183.9148224993464,74.80949707198397,1.1217134960632205,32.95,1.0,-12.910363881787589,171.27958627353746,376.232589279017
50.0,1.5,0.9,1.6,True,136.90637647288935,39.156651134767436,0.9425314832432119,14.01,0.0,79.93445897032052,124.55146523071105,267.3968220255615
50.0,1.5,0.9,1.8,True,105.73857651746046,12.31529479576578,0.4659715104370449,2.5,0.0,78.533980953922,100.02343432067038,180.79668410710812
50.0,1.5,0.9,2.0,True,100.0,0.0,,0.0,0.0,100.0,100.0,100.0
50.0,1.5,1.2,0.0,True,100.0,0.0,,0.0,0.0,100.0,100.0,100.0
50.0,1.5,1.2,0.2,True,100.0,0.0,,0.0,0.0,100.0,100.0,100.0
50.0,1.5,1.2,0.4,True,100.0,0.0,,0.0,0.0,100.0,100.0,100.0
50.0,1.5,1.2,0.6,True,100.0,0.0,,0.0,0.0,100.0,100.0,100.0
50.0,1.5,1.2,0.8,True,100.0,0.0,,0.0,0.0,100.0,100.0,100.0
50.0,1.5,1.2,1.0,True,100.0,0.0,,0.0,0.0,100.0,100.0,100.0
50.0,1.5,1.2,1.2,True,100.0,0.0,,0.0,0.0,100.0,100.0,100.0
50.0,1.5,1.2,1.4,True,100.0,0.0,,0.0,0.0,100.0,100.0,100.0
50.0,1.5,1.2,1.6,True,100.0,0.0,,0.0,0.0,100.0,100.0,100.0
50.0,1.5,1.2,1.8,True,100.0,0.0,,0.0,0.0,100.0,100.0,100.0
50.0,1.5,1.2,2.0,True,100.0,0.0,,0.0,0.0,100.0,100.0,100.0
50.0,1.5,1.5,0.0,True,100.0,0.0,,0.0,0.0,100.0,100.0,100.0
50.0,1.5,1.5,0.2,True,100.0,0.0,,0.0,0.0,100.0,100.0,100.0
50.0,1.5,1.5,0.4,True,100.0,0.0,,0.0,0.0,100.0,100.0,100.0
50.0,1.5,1.5,0.6,True,100.0,0.0,,0.0,0.0,100.0,100.0,100.0
50.0,1.5,1.5,0.8,True,100.0,0.0,,0.0,0.0,100.0,100.0,100.0
50.0,1.5,1.5,1.0,True,100.0,0.0,,0.0,0.0,100.0,100.0,100.0
50.0,1.5,1.5,1.2,True,100.0,0.0,,0.0,0.0,100.0,100.0,100.0
50.0,1.5,1.5,1.4,True,100.0,0.0,,0.0,0.0,100.0,100.0,100.0
50.0,1.5,1.5,1.6,True,100.0,0.0,,0.0,0.0,100.0,100.0,100.0
50.0,1.5,1.5,1.8,True,100.0,0.0,,0.0,0.0,100.0,100.0,100.0
50.0,1.5,1.5,2.0,True,100.0,0.0,,0.0,0.0,100.0,100.0,100.0
50.0,2.0,0.0,0.0,True,936.2153730467737,455.92892427177003,1.834091518502394,413.96,4.0,-191.3917701552964,925.7016091246272,2056.6292892196425
50.0,2.0,0.0,0.2,True,936.2153730467737,455.92892427177003,1.834091518502394,413.96,4.0,-191.3917701552964,925.7016091246272,2056.6292892196425
50.0,2.0,0.0,0.4,True,952.1105612573106,453.430103209904,1.8792544985987565,409.39,4.0,-170.97169148306511,946.0619211704404,2063.3810510805242
50.0,2.0,0.0,0.6,True,954.3254681263755,425.7710751879391,2.006537122676238,380.24,3.0,-42.77744101459393,912.1412527817355,2061.1088522142654
50.0,2.0,0.0,0.8,True,890.9347719075034,380.34418947983113,2.0795237413491368,326.18,2.0,-97.18997024595774,882.661788768459,1918.5630033539064
50.0,2.0,0.0,1.0,True,758.8599100748297,319.58812538143235,2.061590709255772,256.61,1.0,-89.91946573518726,728.9164381474508,1643.6403311345075
50.0,2.0,0.0,1.2,True,581.8108155696932,244.97609512196624,1.9667666566805797,181.09,1.0,-36.91210182563191,559.50125130775,1277.4788305241436
50.0,2.0,0.0,1.4,True,393.86432691090175,164.6702967720481,1.7845618345954404,106.61,0.0,32.744520423293125,393.8118656448489,867.5976530217158
50.0,2.0,0.0,1.6,True,235.94360099181267,101.00776931090107,1.3458727177053025,46.8,0.0,45.13424399770793,216.64700557409913,613.1369707880185
50.0,2.0,0.0,1.8,True,126.38676323066498,37.086553205405366,0.7114913883886926,8.41,0.0,71.30382726435886,116.30122411852301,316.8210010453255
50.0,2.0,0.0,2.0,True,100.0,0.0,,0.0,0.0,100.0,100.0,100.0
50.0,2.0,0.3,0.0,True,936.2153730467737,455.92892427177003,1.834091518502394,413.96,4.0,-191.3917701552964,925.7016091246272,2056.6292892196425
50.0,2.0,0.3,0.2,True,936.2153730467737,455.92892427177003,1.834091518502394,413.96,4.0,-191.3917701552964,925.7016091246272,2056.6292892196425
50.0,2.0,0.3,0.4,True,952.1105612573106,453.430103209904,1.8792544985987565,409.39,4.0,-170.97169148306511,946.0619211704404,2063.3810510805242
50.0,2.0,0.3,0.6,True,954.3254681263755,425.7710751879391,2.006537122676238,380.24,3.0,-42.77744101459393,912.1412527817355,2061.1088522142654
50.0,2.0,0.3,0.8,True,890.9347719075034,380.34418947983113,2.0795237413491368,326.18,2.0,-97.18997024595774,882.661788768459,1918.5630033539064
50.0,2.0,0.3,1.0,True,758.8599100748297,319.58812538143235,2.061590709255772,256.61,1.0,-89.91946573518726,728.9164381474508,1643.6403311345075
50.0,2.0,0.3,1.2,True,581.8108155696932,244.97609512196624,1.9667666566805797,181.09,1.0,-36.91210182563191,559.50125130775,1277.4788305241436
50.0,2.0,0.3,1.4,True,393.86432691090175,164.6702967720481,1.7845618345954404,106.61,0.0,32.744520423293125,393.8118656448489,867.5976530217158
50.0,2.0,0.3,1.6,True,235.94360099181267,101.00776931090107,1.3458727177053025,46.8,0.0,45.13424399770793,216.64700557409913,613.1369707880185
50.0,2.0,0.3,1.8,True,126.38676323066498,37.086553205405366,0.7114913883886926,8.41,0.0,71.30382726435886,116.30122411852301,316.8210010453255
50.0,2.0,0.3,2.0,True,100.0,0.0,,0.0,0.0,100.0,100.0,100.0
50.0,2.0,0.6,0.0,True,935.6796021624934,455.5782786916733,1.8343271425547167,413.84,4.0,-191.3917701552964,925.7016091246272,2056.6292892196425
50.0,2.0,0.6,0.2,True,935.6796021624934,455.5782786916733,1.8343271425547167,413.84,4.0,-191.3917701552964,925.7016091246272,2056.6292892196425
50.0,2.0,0.6,0.4,True,951.7398549847967,453.28379589883787,1.8790432455143062,409.29,4.0,-170.97169148306511,946.0619211704404,2063.3810510805242
50.0,2.0,0.6,0.6,True,953.7794295606311,425.39395708351583,2.007032341065936,380.12,3.0,-42.77744101459393,912.1412527817355,2061.1088522142654
50.0,2.0,0.6,0.8,True,890.5641186136085,379.96312252062677,2.080633808273569,326.09,2.0,-97.18997024595774,882.661788768459,1918.5630033539064
50.0,2.0,0.6,1.0,True,758.5696207501677,319.52976937520526,2.0610587302644956,256.52,1.0,-89.91946573518726,728.9164381474508,1643.6403311345075
50.0,2.0,0.6,1.2,True,581.4426643160455,245.072616969522,1.9644898327254539,180.99,1.0,-36.91210182563191,556.2942590983741,1277.4788305241436
50.0,2.0,0.6,1.4,True,393.5790471932621,164.7205677945797,1.782285303674886,106.53,0.0,32.744520423293125,393.8118656448489,867.5976530217158
50.0,2.0,0.6,1.6,True,235.77840766967708,101.09520758395738,1.3430746215829872,46.75,0.0,45.13424399770793,216.64700557409913,613.1369707880185
50.0,2.0,0.6,1.8,True,126.38676323066498,37.086553205405366,0.7114913883886926,8.41,0.0,71.30382726435886,116.30122411852301,316.8210010453255
50.0,2.0,0.6,2.0,True,100.0,0.0,,0.0,0.0,100.0,100.0,100.0
50.0,2.0,0.9,0.0,True,339.63184995696736,181.7170033837186,1.3187090117866085,111.04,3.0,-96.0914050420979,326.62270107944164,841.9467556232357
50.0,2.0,0.9,0.2,True,339.63184995696736,181.7170033837186,1.3187090117866085,111.04,3.0,-96.0914050420979,326.62270107944164,841.9467556232357
50.0,2.0,0.9,0.4,True,342.00646892878285,179.96147476666687,1.3447682024308916,109.54,2.0,-97.42599069703465,324.9317511707885,842.5908994103429
50.0,2.0,0.9,0.6,True,338.1016590493665,168.4818130245599,1.4132187609748597,101.51,2.0,-51.8809303684252,325.60428594366346,822.391927455813
50.0,2.0,0.9,0.8,True,314.43073292642634,150.70817463563415,1.42282084860263,85.99,1.0,-56.528016542526984,305.61959647410333,714.8516391686176
50.0,2.0,0.9,1.0,True,275.05044145880515,132.4728219976284,1.3214064501618228,67.7,1.0,-15.160088101017436,268.5841525521458,648.8422723780297
50.0,2.0,0.9,1.2,True,229.0660351353705,106.66683236361725,1.2099921997814322,47.61,0.0,30.958988192552624,226.22604661001475,483.81640245866924
50.0,2.0,0.9,1.4,True,180.67654435778942,71.74756984295709,1.1244498529270928,28.06,0.0,16.58319478525209,167.10818133438096,380.18081353142225
50.0,2.0,0.9,1.6,True,135.07724234333472,37.88600716804982,0.9258627383916085,11.85,0.0,85.05699517022725,122.63269900070232,262.4060551113278
50.0,2.0,0.9,1.8,True,105.2697690391004,11.329774670186588,0.4651256704131442,2.08,0.0,82.87398314214613,100.0,177.64969773367017
50.0,2.0,0.9,2.0,True,100.0,0.0,,0.0,0.0,100.0,100.0,100.0
50.0,2.0,1.2,0.0,True,100.0,0.0,,0.0,0.0,100.0,100.0,100.0
50.0,2.0,1.2,0.2,True,100.0,0.0,,0.0,0.0,100.0,100.0,100.0
50.0,2.0,1.2,0.4,True,100.0,0.0,,0.0,0.0,100.0,100.0,100.0
50.0,2.0,1.2,0.6,True,100.0,0.0,,0.0,0.0,100.0,100.0,100.0
50.0,2.0,1.2,0.8,True,100.0,0.0,,0.0,0.0,100.0,100.0,100.0
50.0,2.0,1.2,1.0,True,100.0,0.0,,0.0,0.0,100.0,100.0,100.0
50.0,2.0,1.2,1.2,True,100.0,0.0,,0.0,0.0,100.0,100.0,100.0
50.0,2.0,1.2,1.4,True,100.0,0.0,,0.0,0.0,100.0,100.0,100.0
50.0,2.0,1.2,1.6,True,100.0,0.0,,0.0,0.0,100.0,100.0,100.0
50.0,2.0,1.2,1.8,True,100.0,0.0,,0.0,0.0,100.0,100.0,100.0
50.0,2.0,1.2,2.0,True,100.0,0.0,,0.0,0.0,100.0,100.0,100.0
50.0,2.0,1.5,0.0,True,100.0,0.0,,0.0,0.0,100.0,100.0,100.0
50.0,2.0,1.5,0.2,True,100.0,0.0,,0.0,0.0,100.0,100.0,100.0
50.0,2.0,1.5,0.4,True,100.0,0.0,,0.0,0.0,100.0,100.0,100.0
50.0,2.0,1.5,0.6,True,100.0,0.0,,0.0,0.0,100.0,100.0,100.0
50.0,2.0,1.5,0.8,True,100.0,0.0,,0.0,0.0,100.0,100.0,100.0
50.0,2.0,1.5,1.0,True,100.0,0.0,,0.0,0.0,100.0,100.0,100.0
50.0,2.0,1.5,1.2,True,100.0,0.0,,0.0,0.0,100.0,100.0,100.0
50.0,2.0,1.5,1.4,True,100.0,0.0,,0.0,0.0,100.0,100.0,100.0
50.0,2.0,1.5,1.6,True,100.0,0.0,,0.0,0.0,100.0,100.0,100.0
50.0,2.0,1.5,1.8,True,100.0,0.0,,0.0,0.0,100.0,100.0,100.0
50.0,2.0,1.5,2.0,True,100.0,0.0,,0.0,0.0,100.0,100.0,100.0
50.0,2.5,0.0,0.0,True,930.9610075165851,437.00790933793144,1.9014781878330167,348.53,4.0,-168.55784176007728,934.9387300657044,2031.5209979273031
50.0,2.5,0.0,0.2,True,930.9610075165851,437.00790933793144,1.9014781878330167,348.53,4.0,-168.55784176007728,934.9387300657044,2031.5209979273031
50.0,2.5,0.0,0.4,True,942.336263293836,433.874634017991,1.9414277702598022,344.75,3.0,-153.60268894398996,954.243451270479,2038.268453185151
50.0,2.5,0.0,0.6,True,933.4730653889898,406.39394837214684,2.050899302825627,320.61,2.0,-48.9948495951985,898.8384464241888,2043.5204934268177
50.0,2.5,0.0,0.8,True,862.4278714974869,358.81988357200913,2.124820575458663,274.66,1.0,-63.77542084114157,857.8182592298868,1888.7969197377042
50.0,2.5,0.0,1.0,True,729.8437145399721,298.48988086882343,2.11010072672034,215.25,1.0,-53.31036203843087,712.9727483895725,1572.778563634094
50.0,2.5,0.0,1.2,True,557.137638811887,228.98077214435295,1.9964018573738604,151.4,1.0,-19.207695988452997,531.5267173537451,1199.6179229593577
50.0,2.5,0.0,1.4,True,375.61708840437285,151.93798252886555,1.8140104522712774,89.01,0.0,54.50678338764283,373.82670057232997,789.4959633985081
50.0,2.5,0.0,1.6,True,226.69704112979997,93.81027845287768,1.3505667312717955,39.12,0.0,64.90737547794754,202.320006643697,571.5324025332329
50.0,2.5,0.0,1.8,True,124.49132211841983,35.06995914829674,0.6983561633150438,6.91,0.0,86.23901123246236,114.01000052020889,301.52824938991444
50.0,2.5,0.0,2.0,True,100.0,0.0,,0.0,0.0,100.0,100.0,100.0
50.0,2.5,0.3,0.0,True,930.9610075165851,437.00790933793144,1.9014781878330167,348.53,4.0,-168.55784176007728,934.9387300657044,2031.5209979273031
50.0,2.5,0.3,0.2,True,930.9610075165851,437.00790933793144,1.9014781878330167,348.53,4.0,-168.55784176007728,934.9387300657044,2031.5209979273031
50.0,2.5,0.3,0.4,True,942.336263293836,433.874634017991,1.9414277702598022,344.75,3.0,-153.60268894398996,954.243451270479,2038.268453185151
50.0,2.5,0.3,0.6,True,933.4730653889898,406.39394837214684,2.050899302825627,320.61,2.0,-48.9948495951985,898.8384464241888,2043.5204934268177
50.0,2.5,0.3,0.8,True,862.4278714974869,358.81988357200913,2.124820575458663,274.66,1.0,-63.77542084114157,857.8182592298868,1888.7969197377042
50.0,2.5,0.3,1.0,True,729.8437145399721,298.48988086882343,2.11010072672034,215.25,1.0,-53.31036203843087,712.9727483895725,1572.778563634094
50.0,2.5,0.3,1.2,True,557.137638811887,228.98077214435295,1.9964018573738604,151.4,1.0,-19.207695988452997,531.5267173537451,1199.6179229593577
50.0,2.5,0.3,1.4,True,375.61708840437285,151.93798252886555,1.8140104522712774,89.01,0.0,54.50678338764283,373.82670057232997,789.4959633985081
50.0,2.5,0.3,1.6,True,226.69704112979997,93.81027845287768,1.3505667312717955,39.12,0.0,64.90737547794754,202.320006643697,571.5324025332329
50.0,2.5,0.3,1.8,True,124.49132211841983,35.06995914829674,0.6983561633150438,6.91,0.0,86.23901123246236,114.01000052020889,301.52824938991444
50.0,2.5,0.3,2.0,True,100.0,0.0,,0.0,0.0,100.0,100.0,100.0
50.0,2.5,0.6,0.0,True,930.5326813103343,436.8942467167775,1.9009924885752458,348.41,4.0,-168.55784176007728,934.9387300657044,2031.5209979273031
50.0,2.5,0.6,0.2,True,930.5326813103343,436.8942467167775,1.9009924885752458,348.41,4.0,-168.55784176007728,934.9387300657044,2031.5209979273031
50.0,2.5,0.6,0.4,True,941.896460606117,433.7430560021114,1.941002741037585,344.63,3.0,-153.60268894398996,954.243451270479,2038.268453185151
50.0,2.5,0.6,0.6,True,932.9264430413242,405.93468522319637,2.0518730558423544,320.49,2.0,-48.9948495951985,898.8384464241888,2043.5204934268177
50.0,2.5,0.6,0.8,True,861.9955403860673,358.42140292660474,2.125976669261863,274.55,1.0,-63.77542084114157,857.8182592298868,1888.7969197377042
50.0,2.5,0.6,1.0,True,729.4926866445287,298.45584812942593,2.1091651934109463,215.15,1.0,-53.31036203843087,712.9727483895725,1572.778563634094
50.0,2.5,0.6,1.2,True,556.8332557653632,229.06870360589656,1.9943067235903442,151.31,1.0,-19.207695988452997,538.0771600369094,1199.6179229593577
50.0,2.5,0.6,1.4,True,375.38453804848285,152.00545025827893,1.8116754207205417,88.94,0.0,54.50678338764283,373.82670057232997,789.4959633985081
50.0,2.5,0.6,1.6,True,226.53173025068727,93.91452992286679,1.3473072841296168,39.07,0.0,64.90737547794754,202.320006643697,571.5324025332329
50.0,2.5,0.6,1.8,True,124.49132211841983,35.06995914829674,0.6983561633150438,6.91,0.0,86.23901123246236,114.01000052020889,301.52824938991444
50.0,2.5,0.6,2.0,True,100.0,0.0,,0.0,0.0,100.0,100.0,100.0
50.0,2.5,0.9,0.0,True,335.22678176490115,172.74682009276722,1.361685162358308,93.76,2.0,-69.68691248022606,319.28578489803044,822.6660697069628
50.0,2.5,0.9,0.2,True,335.22678176490115,172.74682009276722,1.361685162358308,93.76,2.0,-69.68691248022606,319.28578489803044,822.6660697069628
50.0,2.5,0.9,0.4,True,336.92570763080397,171.84321007027742,1.3787318540773899,92.54,2.0,-65.90166431461103,329.2864884086866,823.3157058386332
50.0,2.5,0.9,0.6,True,330.9938844730033,160.7653210004293,1.4368390087834082,85.97,2.0,-32.32259006848858,325.96347197647844,802.5346228598214
50.0,2.5,0.9,0.8,True,305.4975372375057,143.04153881058295,1.4366284014158126,72.53,1.0,-36.9666301908087,307.832868889617,720.3257617211243
50.0,2.5,0.9,1.0,True,266.7232780714761,126.07629173207229,1.3223999197706708,56.85,0.0,8.209980914048401,256.8998912788051,653.4930885743436
50.0,2.5,0.9,1.2,True,222.2356945510505,101.17036988436982,1.208216345267461,39.94,0.0,13.064959591050183,214.80379056120591,478.950780335766
50.0,2.5,0.9,1.4,True,176.35020376231503,68.57526372669669,1.113378201017279,23.73,0.0,46.76721095692528,161.16880333335587,359.73363225627213
50.0,2.5,0.9,1.6,True,133.21550163253428,36.3917751166807,0.9127200178072511,10.08,0.0,82.29153208866819,121.23672152518508,256.6428149636973
50.0,2.5,0.9,1.8,True,104.77117313196905,10.731343081277224,0.44460167714637955,1.65,0.0,92.3922180286268,100.0,174.4891981780155
50.0,2.5,0.9,2.0,True,100.0,0.0,,0.0,0.0,100.0,100.0,100.0
50.0,2.5,1.2,0.0,True,100.0,0.0,,0.0,0.0,100.0,100.0,100.0
50.0,2.5,1.2,0.2,True,100.0,0.0,,0.0,0.0,100.0,100.0,100.0
50.0,2.5,1.2,0.4,True,100.0,0.0,,0.0,0.0,100.0,100.0,100.0
50.0,2.5,1.2,0.6,True,100.0,0.0,,0.0,0.0,100.0,100.0,100.0
50.0,2.5,1.2,0.8,True,100.0,0.0,,0.0,0.0,100.0,100.0,100.0
50.0,2.5,1.2,1.0,True,100.0,0.0,,0.0,0.0,100.0,100.0,100.0
50.0,2.5,1.2,1.2,True,100.0,0.0,,0.0,0.0,100.0,100.0,100.0
50.0,2.5,1.2,1.4,True,100.0,0.0,,0.0,0.0,100.0,100.0,100.0
50.0,2.5,1.2,1.6,True,100.0,0.0,,0.0,0.0,100.0,100.0,100.0
50.0,2.5,1.2,1.8,True,100.0,0.0,,0.0,0.0,100.0,100.0,100.0
50.0,2.5,1.2,2.0,True,100.0,0.0,,0.0,0.0,100.0,100.0,100.0
50.0,2.5,1.5,0.0,True,100.0,0.0,,0.0,0.0,100.0,100.0,100.0
50.0,2.5,1.5,0.2,True,100.0,0.0,,0.0,0.0,100.0,100.0,100.0
50.0,2.5,1.5,0.4,True,100.0,0.0,,0.0,0.0,100.0,100.0,100.0
50.0,2.5,1.5,0.6,True,100.0,0.0,,0.0,0.0,100.0,100.0,100.0
50.0,2.5,1.5,0.8,True,100.0,0.0,,0.0,0.0,100.0,100.0,100.0
50.0,2.5,1.5,1.0,True,100.0,0.0,,0.0,0.0,100.0,100.0,100.0
50.0,2.5,1.5,1.2,True,100.0,0.0,,0.0,0.0,100.0,100.0,100.0
50.0,2.5,1.5,1.4,True,100.0,0.0,,0.0,0.0,100.0,100.0,100.0
50.0,2.5,1.5,1.6,True,100.0,0.0,,0.0,0.0,100.0,100.0,100.0
50.0,2.5,1.5,1.8,True,100.0,0.0,,0.0,0.0,100.0,100.0,100.0
50.0,2.5,1.5,2.0,True,100.0,0.0,,0.0,0.0,100.0,100.0,100.0
